glucose_HSQC,scale_9,scale_41,scale_63,scale_18,scale_34,scale_81,scale_92,scale_96,scale_77,scale_9.1,scale_41.1,scale_63.1,scale_18.1,scale_34.1,scale_81,scale_92,scale_96,scale_77
0.3565758119448745,0.7247662562859181,0.8292114705212195,0.0749045593871762,0.1084311915236534,0.0882907183189171,0.3997995252586845,0.0558579403978862,0.7460437501960998,0.0532090676558975,0.7247662562859181,0.8292114705212195,0.0749045593871762,0.1084311915236534,0.0882907183189171,0.39979952525868456,0.055857940397886253,0.7460437501960998,0.05320906765589757
0.3546489357017809,0.717847374100307,0.8398637517530035,0.0683525721575284,0.120699776611682,0.0896650796572442,0.3995191740340421,0.0649297483852089,0.7773863057532374,0.0566912020468999,0.717847374100307,0.8398637517530035,0.0683525721575284,0.120699776611682,0.0896650796572442,0.3995191740340421,0.06492974838520893,0.7773863057532374,0.05669120204689999
0.3362605017528216,0.7139631752655689,0.8204405576819498,0.0761666191408,0.120101849127482,0.0842165632547459,0.4117689271922777,0.0557043344410307,0.7964821423937787,0.0596192510027345,0.7139631752655689,0.8204405576819498,0.0761666191408,0.120101849127482,0.0842165632547459,0.4117689271922777,0.055704334441030734,0.7964821423937787,0.05961925100273458
0.3440269189372696,0.7057065736016543,0.79630854681836,0.0786333825313529,0.1247703633383974,0.0873048265205399,0.3879824359039694,0.0445313069010526,0.8404358492087107,0.0584878512948832,0.7057065736016543,0.79630854681836,0.0786333825313529,0.1247703633383974,0.0873048265205399,0.3879824359039694,0.04453130690105262,0.8404358492087107,0.058487851294883264
0.3334818321793803,0.7111814743374928,0.8127443293488169,0.0708663677369912,0.1395444005631321,0.0870577480217697,0.4179599955650993,0.0574556230756599,0.8520542722416754,0.0533015441812893,0.7111814743374928,0.8127443293488169,0.0708663677369912,0.1395444005631321,0.0870577480217697,0.4179599955650993,0.05745562307565999,0.8520542722416754,0.05330154418128937
0.3373104706141694,0.6967626050567914,0.8078367682854112,0.0798122272697452,0.1313185454962275,0.0950808920737397,0.4241745526058338,0.0509769224530636,0.8677012010250159,0.0640142302064292,0.6967626050567914,0.8078367682854112,0.0798122272697452,0.1313185454962275,0.0950808920737397,0.42417455260583387,0.05097692245306363,0.8677012010250159,0.06401423020642924
0.331437645398925,0.7013350051167534,0.8021156638131399,0.0708983990509654,0.1354223096776695,0.086640414211688,0.4279412070558526,0.0657360829440525,0.888905399667133,0.0691628330423752,0.7013350051167534,0.8021156638131399,0.0708983990509654,0.1354223096776695,0.086640414211688,0.42794120705585265,0.06573608294405255,0.888905399667133,0.06916283304237525
0.3314487921229678,0.689954500117553,0.7836386161506949,0.0774332836664642,0.1382859120339686,0.0894081420383999,0.4302141311960354,0.0521567978520317,0.9124824705422484,0.0544371011754969,0.689954500117553,0.7836386161506949,0.0774332836664642,0.1382859120339686,0.0894081420383999,0.43021413119603547,0.05215679785203176,0.9124824705422484,0.054437101175496966
0.3342110606243327,0.6740772288000308,0.7759495793455574,0.0723153148343559,0.1376250449665372,0.0961291951335406,0.4650506116702026,0.067266922808627,0.9495555450930516,0.0643975031384336,0.6740772288000308,0.7759495793455574,0.0723153148343559,0.1376250449665372,0.0961291951335406,0.4650506116702026,0.06726692280862709,0.9495555450930515,0.06439750313843363
0.3177809048654789,0.6632340646103966,0.7835474272292717,0.0708999955644064,0.1439807938451467,0.0907183685736681,0.4510818350386695,0.061178536521801,0.979541133513457,0.0460039822876967,0.6632340646103966,0.7835474272292717,0.0708999955644064,0.1439807938451467,0.0907183685736681,0.4510818350386695,0.06117853652180106,0.979541133513457,0.04600398228769671
0.3138966107595952,0.6633640548711449,0.7802154979039251,0.069211678270057,0.1559812772682619,0.0945791364805815,0.4484219628098632,0.051152085671879,1.027471619620678,0.0723997048603839,0.6633640548711449,0.7802154979039251,0.069211678270057,0.1559812772682619,0.0945791364805815,0.4484219628098632,0.05115208567187909,1.027471619620678,0.07239970486038395
0.3086896240333833,0.6558382579565928,0.762090757164139,0.0699762205530024,0.1655239470145077,0.0927775446810413,0.454912777302981,0.0647084306268255,1.0810415570543266,0.0578808903738715,0.6558382579565928,0.762090757164139,0.0699762205530024,0.1655239470145077,0.0927775446810413,0.454912777302981,0.06470843062682559,1.0810415570543266,0.05788089037387158
0.3072391266146481,0.6427814022963395,0.7805679809338533,0.0761231235322974,0.1776519263265574,0.101482278718127,0.4577847231020368,0.0687832294929811,1.1278894020712456,0.0745343386021279,0.6427814022963395,0.7805679809338533,0.0761231235322974,0.1776519263265574,0.101482278718127,0.45778472310203683,0.06878322949298117,1.1278894020712456,0.07453433860212794
0.307975009604775,0.6394643814617871,0.7703731657605111,0.0780725184098208,0.1795273215069391,0.0997519410745308,0.4769560520210018,0.0709109863902108,1.1765876841153864,0.061652695239765,0.6394643814617871,0.7703731657605111,0.0780725184098208,0.1795273215069391,0.0997519410745308,0.47695605202100183,0.07091098639021082,1.1765876841153864,0.06165269523976508
0.3015416493865017,0.6280207434500596,0.7515432626445684,0.0719196999584814,0.2052332492279659,0.1042544150005793,0.4857737198967575,0.071046944089083,1.2158061118553232,0.0618247404938133,0.6280207434500596,0.7515432626445684,0.0719196999584814,0.2052332492279659,0.1042544150005793,0.4857737198967575,0.07104694408908308,1.2158061118553232,0.06182474049381333
glucose_HSQC,,,,,,,,,,,,,,,,,,
0.35657581194487453,,,,,,,,,,,,,,,,,,
0.35464893570178097,,,,,,,,,,,,,,,,,,
0.33626050175282163,,,,,,,,,,,,,,,,,,
0.34402691893726967,,,,,,,,,,,,,,,,,,
0.3334818321793803,,,,,,,,,,,,,,,,,,
0.3373104706141694,,,,,,,,,,,,,,,,,,
0.33143764539892506,,,,,,,,,,,,,,,,,,
0.3314487921229678,,,,,,,,,,,,,,,,,,
0.3342110606243327,,,,,,,,,,,,,,,,,,
0.31778090486547894,,,,,,,,,,,,,,,,,,
0.31389661075959524,,,,,,,,,,,,,,,,,,
0.3086896240333833,,,,,,,,,,,,,,,,,,
0.30723912661464814,,,,,,,,,,,,,,,,,,
0.307975009604775,,,,,,,,,,,,,,,,,,
0.30154164938650174,,,,,,,,,,,,,,,,,,
